Classification,Compared to,identical,SurfMatches,PCL Matches,ICP Similarityscore,ColorHistDistance,guess,neighborsWithDist
KoellnMuesliKnusperHonigNuss,KoellnMuesliKnusperHonigNuss,1,60,6,9.12651e-06,0.754482,1,KoellnMuesliKnusperHonigNuss 0.693559;
KoellnMuesliKnusperHonigNuss,KoellnMuesliKnusperHonigNuss,1,61,9,8.62809e-06,0.759171,1,KoellnMuesliKnusperHonigNuss 0.666749;
KoellnMuesliKnusperHonigNuss,KoellnMuesliKnusperHonigNuss,1,62,8,8.29286e-06,0.753848,1,KoellnMuesliKnusperHonigNuss 0.686743;
KoellnMuesliKnusperHonigNuss,KoellnMuesliKnusperHonigNuss,1,64,7,7.47807e-06,0.752989,1,KoellnMuesliKnusperHonigNuss 0.689230;
KoellnMuesliKnusperHonigNuss,KoellnMuesliKnusperHonigNuss,1,64,7,8.7348e-06,0.753571,1,KoellnMuesliKnusperHonigNuss 0.688077;
KoellnMuesliKnusperHonigNuss,KoellnMuesliKnusperHonigNuss,1,67,7,7.68363e-06,0.754184,1,KoellnMuesliKnusperHonigNuss 0.680830;
KoellnMuesliKnusperHonigNuss,KoellnMuesliKnusperHonigNuss,1,62,9,8.22491e-06,0.757669,1,KoellnMuesliKnusperHonigNuss 0.686948;
KoellnMuesliKnusperHonigNuss,KoellnMuesliKnusperHonigNuss,1,74,7,8.14293e-06,0.754463,1,KoellnMuesliKnusperHonigNuss 0.694535;
KoellnMuesliKnusperHonigNuss,KoellnMuesliKnusperHonigNuss,1,66,7,7.92533e-06,0.75313,1,KoellnMuesliKnusperHonigNuss 0.686805;
KoellnMuesliKnusperHonigNuss,KoellnMuesliKnusperHonigNuss,1,65,8,6.76129e-06,0.750511,1,KoellnMuesliKnusperHonigNuss 0.692808;
KoellnMuesliKnusperHonigNuss,AlbiHimbeerJuice,0,8,3,5.15794e-05,0.820546,0,KoellnMuesliKnusperHonigNuss 0.670902;
KoellnMuesliKnusperHonigNuss,AlbiHimbeerJuice,0,9,4,4.03835e-05,0.821987,0,KoellnMuesliKnusperHonigNuss 0.705440;
KoellnMuesliKnusperHonigNuss,AlbiHimbeerJuice,0,9,1,5.5049e-05,0.818209,0,KoellnMuesliKnusperHonigNuss 0.687506;
KoellnMuesliKnusperHonigNuss,AlbiHimbeerJuice,0,12,3,2.81969e-05,0.81698,0,KoellnMuesliKnusperHonigNuss 0.690321;
KoellnMuesliKnusperHonigNuss,AlbiHimbeerJuice,0,11,2,5.12233e-05,0.827351,0,KoellnMuesliKnusperHonigNuss 0.669025;
KoellnMuesliKnusperHonigNuss,AlbiHimbeerJuice,0,9,5,4.55063e-05,0.82413,0,KoellnMuesliKnusperHonigNuss 0.697814;
KoellnMuesliKnusperHonigNuss,AlbiHimbeerJuice,0,10,1,6.18376e-05,0.840569,0,KoellnMuesliKnusperHonigNuss 0.689357;
KoellnMuesliKnusperHonigNuss,AlbiHimbeerJuice,0,10,2,5.79151e-05,0.823935,0,KoellnMuesliKnusperHonigNuss 0.696357;
KoellnMuesliKnusperHonigNuss,AlbiHimbeerJuice,0,8,3,5.0553e-05,0.823605,0,KoellnMuesliKnusperHonigNuss 0.688598;
KoellnMuesliKnusperHonigNuss,AlbiHimbeerJuice,0,9,3,2.61373e-05,0.827964,0,KoellnMuesliKnusperHonigNuss 0.686493;
KoellnMuesliKnusperHonigNuss,KelloggsCornFlakes,0,12,1,0.000608356,0.865896,0,KoellnMuesliKnusperHonigNuss 0.680943;
KoellnMuesliKnusperHonigNuss,KelloggsCornFlakes,0,12,2,0.000634443,0.859635,0,KoellnMuesliKnusperHonigNuss 0.685899;
KoellnMuesliKnusperHonigNuss,KelloggsCornFlakes,0,11,3,0.000615186,0.858832,0,KoellnMuesliKnusperHonigNuss 0.685150;
KoellnMuesliKnusperHonigNuss,KelloggsCornFlakes,0,8,4,0.000612208,0.861004,0,KoellnMuesliKnusperHonigNuss 0.676618;
KoellnMuesliKnusperHonigNuss,KelloggsCornFlakes,0,11,2,0.000638791,0.861236,0,KoellnMuesliKnusperHonigNuss 0.690401;
KoellnMuesliKnusperHonigNuss,KelloggsCornFlakes,0,9,1,0.00060942,0.864115,0,KoellnMuesliKnusperHonigNuss 0.698580;
KoellnMuesliKnusperHonigNuss,KelloggsCornFlakes,0,13,1,0.000637758,0.863891,0,KoellnMuesliKnusperHonigNuss 0.686158;
KoellnMuesliKnusperHonigNuss,KelloggsCornFlakes,0,13,4,0.000613427,0.857129,0,KoellnMuesliKnusperHonigNuss 0.694978;
KoellnMuesliKnusperHonigNuss,KelloggsCornFlakes,0,10,2,0.000627502,0.859334,0,KoellnMuesliKnusperHonigNuss 0.691261;
KoellnMuesliKnusperHonigNuss,KelloggsCornFlakes,0,14,2,0.000628603,0.859605,0,KoellnMuesliKnusperHonigNuss 0.698574;
KoellnMuesliKnusperHonigNuss,VollMilch,0,10,7,1.06073e-05,0.856923,0,KoellnMuesliKnusperHonigNuss 0.691193;
KoellnMuesliKnusperHonigNuss,VollMilch,0,9,9,9.47505e-06,0.847726,0,KoellnMuesliKnusperHonigNuss 0.684557;
KoellnMuesliKnusperHonigNuss,VollMilch,0,9,7,1.05255e-05,0.845677,0,KoellnMuesliKnusperHonigNuss 0.674526;
KoellnMuesliKnusperHonigNuss,VollMilch,0,9,8,1.10672e-05,0.853016,0,KoellnMuesliKnusperHonigNuss 0.677830;
KoellnMuesliKnusperHonigNuss,VollMilch,0,9,6,1.11475e-05,0.845871,0,KoellnMuesliKnusperHonigNuss 0.687968;
KoellnMuesliKnusperHonigNuss,VollMilch,0,10,7,1.03756e-05,0.851848,0,KoellnMuesliKnusperHonigNuss 0.684358;
KoellnMuesliKnusperHonigNuss,VollMilch,0,9,7,1.03112e-05,0.851697,0,KoellnMuesliKnusperHonigNuss 0.688492;
KoellnMuesliKnusperHonigNuss,VollMilch,0,12,8,1.13942e-05,0.842868,0,KoellnMuesliKnusperHonigNuss 0.678577;
KoellnMuesliKnusperHonigNuss,VollMilch,0,9,7,1.06457e-05,0.846716,0,KoellnMuesliKnusperHonigNuss 0.679681;
KoellnMuesliKnusperHonigNuss,VollMilch,0,8,6,9.53133e-06,0.850473,0,KoellnMuesliKnusperHonigNuss 0.707930;
KoellnMuesliKnusperHonigNuss,SpitzenReis,0,11,15,3.83988e-06,0.844894,0,KoellnMuesliKnusperHonigNuss 0.668017;
KoellnMuesliKnusperHonigNuss,SpitzenReis,0,9,14,3.7208e-06,0.850372,0,KoellnMuesliKnusperHonigNuss 0.697206;
KoellnMuesliKnusperHonigNuss,SpitzenReis,0,12,14,3.78369e-06,0.845062,0,KoellnMuesliKnusperHonigNuss 0.680523;
KoellnMuesliKnusperHonigNuss,SpitzenReis,0,13,14,3.75786e-06,0.849155,0,KoellnMuesliKnusperHonigNuss 0.716425;
KoellnMuesliKnusperHonigNuss,SpitzenReis,0,10,16,3.76756e-06,0.847052,0,KoellnMuesliKnusperHonigNuss 0.695635;
KoellnMuesliKnusperHonigNuss,SpitzenReis,0,11,15,3.67971e-06,0.848419,0,KoellnMuesliKnusperHonigNuss 0.721157;
KoellnMuesliKnusperHonigNuss,SpitzenReis,0,12,16,3.7308e-06,0.849451,0,KoellnMuesliKnusperHonigNuss 0.669467;
KoellnMuesliKnusperHonigNuss,SpitzenReis,0,11,12,3.83881e-06,0.847313,0,KoellnMuesliKnusperHonigNuss 0.702913;
KoellnMuesliKnusperHonigNuss,SpitzenReis,0,12,13,3.84515e-06,0.853347,0,KoellnMuesliKnusperHonigNuss 0.695151;
KoellnMuesliKnusperHonigNuss,SpitzenReis,0,11,15,3.9878e-06,0.853773,0,KoellnMuesliKnusperHonigNuss 0.692674;
KoellnMuesliKnusperHonigNuss,PfannerGruneIcetea,0,10,1,4.49077e-05,0.85877,0,KoellnMuesliKnusperHonigNuss 0.694882;
KoellnMuesliKnusperHonigNuss,PfannerGruneIcetea,0,13,2,5.00014e-05,0.85806,0,KoellnMuesliKnusperHonigNuss 0.684751;
KoellnMuesliKnusperHonigNuss,PfannerGruneIcetea,0,11,3,5.70059e-05,0.85297,0,KoellnMuesliKnusperHonigNuss 0.672056;
KoellnMuesliKnusperHonigNuss,PfannerGruneIcetea,0,8,1,4.08019e-05,0.85856,0,KoellnMuesliKnusperHonigNuss 0.718218;
KoellnMuesliKnusperHonigNuss,PfannerGruneIcetea,0,12,2,5.03014e-05,0.852705,0,KoellnMuesliKnusperHonigNuss 0.692443;
KoellnMuesliKnusperHonigNuss,PfannerGruneIcetea,0,11,1,5.18379e-05,0.85812,0,KoellnMuesliKnusperHonigNuss 0.688546;
KoellnMuesliKnusperHonigNuss,PfannerGruneIcetea,0,13,1,6.08231e-05,0.951012,0,KoellnMuesliKnusperHonigNuss 0.680777;
KoellnMuesliKnusperHonigNuss,PfannerGruneIcetea,0,11,1,5.46149e-05,0.860398,0,KoellnMuesliKnusperHonigNuss 0.680710;
KoellnMuesliKnusperHonigNuss,PfannerGruneIcetea,0,12,3,5.07449e-05,0.858081,0,KoellnMuesliKnusperHonigNuss 0.697604;
KoellnMuesliKnusperHonigNuss,PfannerGruneIcetea,0,15,3,6.22874e-05,0.860722,0,KoellnMuesliKnusperHonigNuss 0.701169;
KoellnMuesliKnusperHonigNuss,SojaMilch,0,12,2,1.27961e-05,0.856226,0,KoellnMuesliKnusperHonigNuss 0.688375;
KoellnMuesliKnusperHonigNuss,SojaMilch,0,9,4,1.61358e-05,0.844357,0,KoellnMuesliKnusperHonigNuss 0.678029;
KoellnMuesliKnusperHonigNuss,SojaMilch,0,10,3,1.47876e-05,0.848494,0,KoellnMuesliKnusperHonigNuss 0.672857;
KoellnMuesliKnusperHonigNuss,SojaMilch,0,10,2,1.62472e-05,0.85875,0,KoellnMuesliKnusperHonigNuss 0.730186;
KoellnMuesliKnusperHonigNuss,SojaMilch,0,9,2,1.3682e-05,0.853427,0,KoellnMuesliKnusperHonigNuss 0.703367;
KoellnMuesliKnusperHonigNuss,SojaMilch,0,10,3,1.40436e-05,0.839796,0,KoellnMuesliKnusperHonigNuss 0.692972;
KoellnMuesliKnusperHonigNuss,SojaMilch,0,9,2,1.62534e-05,0.856332,0,KoellnMuesliKnusperHonigNuss 0.699887;
KoellnMuesliKnusperHonigNuss,SojaMilch,0,8,2,1.39371e-05,0.846053,0,KoellnMuesliKnusperHonigNuss 0.705506;
KoellnMuesliKnusperHonigNuss,SojaMilch,0,12,2,1.34677e-05,0.85028,0,KoellnMuesliKnusperHonigNuss 0.694028;
KoellnMuesliKnusperHonigNuss,SojaMilch,0,11,3,1.73265e-05,0.855775,0,KoellnMuesliKnusperHonigNuss 0.687761;
AlbiHimbeerJuice,KoellnMuesliKnusperHonigNuss,0,20,1,0.000214626,0.626522,0,AlbiHimbeerJuice 0.655160; KoellnMuesliKnusperHonigNuss 0.624324; SojaMilch 0.622180;
AlbiHimbeerJuice,KoellnMuesliKnusperHonigNuss,0,17,0,0.000223148,0.605177,0,AlbiHimbeerJuice 0.643806; KoellnMuesliKnusperHonigNuss 0.642784; SpitzenReis 0.616932;
AlbiHimbeerJuice,KoellnMuesliKnusperHonigNuss,0,17,1,0.000219961,0.595489,0,AlbiHimbeerJuice 0.680613; KoellnMuesliKnusperHonigNuss 0.658319;
AlbiHimbeerJuice,KoellnMuesliKnusperHonigNuss,0,21,0,0.000230826,0.613183,0,AlbiHimbeerJuice 0.684343;
AlbiHimbeerJuice,KoellnMuesliKnusperHonigNuss,0,19,0,0.000224921,0.616302,0,AlbiHimbeerJuice 0.712911;
AlbiHimbeerJuice,KoellnMuesliKnusperHonigNuss,0,14,1,0.000239684,0.628419,0,AlbiHimbeerJuice 0.695471;
AlbiHimbeerJuice,KoellnMuesliKnusperHonigNuss,0,10,0,0.000233202,0.682252,0,AlbiHimbeerJuice 0.665621; KoellnMuesliKnusperHonigNuss 0.645115;
AlbiHimbeerJuice,KoellnMuesliKnusperHonigNuss,0,15,0,0.000218217,0.611046,0,AlbiHimbeerJuice 0.682813; SojaMilch 0.648139; KoellnMuesliKnusperHonigNuss 0.639112;
AlbiHimbeerJuice,KoellnMuesliKnusperHonigNuss,0,20,0,0.000217409,0.615253,0,AlbiHimbeerJuice 0.697584;
AlbiHimbeerJuice,KoellnMuesliKnusperHonigNuss,0,18,1,0.000215522,0.606735,0,AlbiHimbeerJuice 0.656635; KoellnMuesliKnusperHonigNuss 0.653699; SpitzenReis 0.631642;
AlbiHimbeerJuice,AlbiHimbeerJuice,1,18,1,0.000210667,0.615243,0,AlbiHimbeerJuice 0.644240; KoellnMuesliKnusperHonigNuss 0.641246; SpitzenReis 0.631255;
AlbiHimbeerJuice,AlbiHimbeerJuice,1,19,0,0.000237818,0.619651,0,AlbiHimbeerJuice 0.650538; KoellnMuesliKnusperHonigNuss 0.649558;
AlbiHimbeerJuice,AlbiHimbeerJuice,1,12,1,0.000220537,0.674719,0,AlbiHimbeerJuice 0.673436; KoellnMuesliKnusperHonigNuss 0.636802;
KoellnMuesliKnusperHonigNuss,AlbiHimbeerJuice,0,8,1,0.000310652,0.76459,0,KoellnMuesliKnusperHonigNuss 0.658879; AlbiHimbeerJuice 0.642138; SpitzenReis 0.621153;
AlbiHimbeerJuice,AlbiHimbeerJuice,1,17,0,0.000230224,0.621824,0,AlbiHimbeerJuice 0.662948; KoellnMuesliKnusperHonigNuss 0.650593; SpitzenReis 0.640521;
AlbiHimbeerJuice,AlbiHimbeerJuice,1,20,2,0.000218983,0.618358,0,AlbiHimbeerJuice 0.693139;
AlbiHimbeerJuice,AlbiHimbeerJuice,1,19,2,0.000229364,0.617265,0,AlbiHimbeerJuice 0.701609;
AlbiHimbeerJuice,AlbiHimbeerJuice,1,17,1,0.000220931,0.616751,0,AlbiHimbeerJuice 0.665969; KoellnMuesliKnusperHonigNuss 0.656684;
AlbiHimbeerJuice,AlbiHimbeerJuice,1,24,1,0.000230211,0.612462,0,AlbiHimbeerJuice 0.692383; KoellnMuesliKnusperHonigNuss 0.638894;
AlbiHimbeerJuice,AlbiHimbeerJuice,1,9,1,9.09039e-05,0.70681,0,AlbiHimbeerJuice 0.694919;
KoellnMuesliKnusperHonigNuss,KelloggsCornFlakes,0,11,1,8.54705e-05,0.703651,0,KoellnMuesliKnusperHonigNuss 0.634397; AlbiHimbeerJuice 0.628059; SpitzenReis 0.613209;
AlbiHimbeerJuice,KelloggsCornFlakes,0,11,1,8.30944e-05,0.703444,0,AlbiHimbeerJuice 0.708420;
AlbiHimbeerJuice,KelloggsCornFlakes,0,13,0,7.9998e-05,0.717285,0,AlbiHimbeerJuice 0.670455; KoellnMuesliKnusperHonigNuss 0.664709;
KoellnMuesliKnusperHonigNuss,KelloggsCornFlakes,0,13,0,8.31759e-05,0.705797,0,KoellnMuesliKnusperHonigNuss 0.660520; AlbiHimbeerJuice 0.653198; SpitzenReis 0.640085;
AlbiHimbeerJuice,KelloggsCornFlakes,0,9,1,8.18775e-05,0.715426,0,AlbiHimbeerJuice 0.677456; KoellnMuesliKnusperHonigNuss 0.654033;
AlbiHimbeerJuice,KelloggsCornFlakes,0,11,0,8.36132e-05,0.706944,0,AlbiHimbeerJuice 0.697267; KoellnMuesliKnusperHonigNuss 0.658503;
AlbiHimbeerJuice,KelloggsCornFlakes,0,12,0,8.57055e-05,0.721416,0,AlbiHimbeerJuice 0.667872; KoellnMuesliKnusperHonigNuss 0.649905;
AlbiHimbeerJuice,KelloggsCornFlakes,0,10,1,8.24624e-05,0.711477,0,AlbiHimbeerJuice 0.684704;
AlbiHimbeerJuice,KelloggsCornFlakes,0,13,3,8.49203e-05,0.709665,0,AlbiHimbeerJuice 0.689083; SojaMilch 0.641048;
KoellnMuesliKnusperHonigNuss,KelloggsCornFlakes,0,13,1,8.43341e-05,0.702163,0,KoellnMuesliKnusperHonigNuss 0.646140; AlbiHimbeerJuice 0.637808; SpitzenReis 0.616774; SojaMilch 0.613441;
AlbiHimbeerJuice,VollMilch,0,12,1,8.21642e-05,0.714623,0,AlbiHimbeerJuice 0.653970; KoellnMuesliKnusperHonigNuss 0.642987; SojaMilch 0.628247; SpitzenReis 0.626680;
KoellnMuesliKnusperHonigNuss,VollMilch,0,14,1,8.34353e-05,0.712387,0,KoellnMuesliKnusperHonigNuss 0.661508; AlbiHimbeerJuice 0.653985; SpitzenReis 0.633832; SojaMilch 0.627318;
AlbiHimbeerJuice,VollMilch,0,12,1,8.32754e-05,0.713807,0,AlbiHimbeerJuice 0.683103; KoellnMuesliKnusperHonigNuss 0.642834;
AlbiHimbeerJuice,VollMilch,0,15,0,8.15207e-05,0.715512,0,AlbiHimbeerJuice 0.666441; KoellnMuesliKnusperHonigNuss 0.640095; SpitzenReis 0.630331;
KoellnMuesliKnusperHonigNuss,VollMilch,0,14,1,7.89969e-05,0,0,KoellnMuesliKnusperHonigNuss 0.649581; AlbiHimbeerJuice 0.636816; SpitzenReis 0.630349; SojaMilch 0.617830;
AlbiHimbeerJuice,VollMilch,0,8,0,0.00118295,0.788013,0,AlbiHimbeerJuice 0.662522; KoellnMuesliKnusperHonigNuss 0.661609;
AlbiHimbeerJuice,VollMilch,0,11,0,0.00118331,0.730163,0,AlbiHimbeerJuice 0.654537; KoellnMuesliKnusperHonigNuss 0.636967;
KoellnMuesliKnusperHonigNuss,VollMilch,0,15,0,0.00120168,0.722883,0,KoellnMuesliKnusperHonigNuss 0.643876; AlbiHimbeerJuice 0.642644; SojaMilch 0.627446; SpitzenReis 0.627057;
AlbiHimbeerJuice,VollMilch,0,14,0,0.00124952,0.721285,0,AlbiHimbeerJuice 0.699345;
AlbiHimbeerJuice,VollMilch,0,14,0,0.0012199,0.728229,0,AlbiHimbeerJuice 0.685640; KoellnMuesliKnusperHonigNuss 0.653261;
AlbiHimbeerJuice,SpitzenReis,0,15,0,0.00125214,0.733939,0,AlbiHimbeerJuice 0.670049; KoellnMuesliKnusperHonigNuss 0.654675; SpitzenReis 0.641011;
KoellnMuesliKnusperHonigNuss,SpitzenReis,0,18,0,0.00122927,0.737594,0,KoellnMuesliKnusperHonigNuss 0.636974; AlbiHimbeerJuice 0.621571; SpitzenReis 0.615521;
AlbiHimbeerJuice,SpitzenReis,0,16,0,0.00123122,0.743287,0,AlbiHimbeerJuice 0.677740; KoellnMuesliKnusperHonigNuss 0.652675;
AlbiHimbeerJuice,SpitzenReis,0,22,0,0.00122749,0.742124,0,AlbiHimbeerJuice 0.674381; KoellnMuesliKnusperHonigNuss 0.636981;
AlbiHimbeerJuice,SpitzenReis,0,14,0,0.00119143,0.736964,0,AlbiHimbeerJuice 0.678183; KoellnMuesliKnusperHonigNuss 0.654779;
AlbiHimbeerJuice,SpitzenReis,0,12,0,0.00119558,0.72444,0,AlbiHimbeerJuice 0.669932; KoellnMuesliKnusperHonigNuss 0.656442;
AlbiHimbeerJuice,SpitzenReis,0,15,0,0.00122508,0.725523,0,AlbiHimbeerJuice 0.673295; KoellnMuesliKnusperHonigNuss 0.661789;
AlbiHimbeerJuice,SpitzenReis,0,10,0,0.00117484,0.769619,0,AlbiHimbeerJuice 0.677252; KoellnMuesliKnusperHonigNuss 0.661142; SpitzenReis 0.636315;
AlbiHimbeerJuice,SpitzenReis,0,16,0,0.00124545,0.717957,0,AlbiHimbeerJuice 0.679535; KoellnMuesliKnusperHonigNuss 0.656253; SpitzenReis 0.641970;
KoellnMuesliKnusperHonigNuss,SpitzenReis,0,9,0,0.00114721,0.747239,0,KoellnMuesliKnusperHonigNuss 0.658114; AlbiHimbeerJuice 0.655991; SojaMilch 0.632664; SpitzenReis 0.628483;
AlbiHimbeerJuice,PfannerGruneIcetea,0,9,1,0.0011431,0.752677,0,AlbiHimbeerJuice 0.684792; KoellnMuesliKnusperHonigNuss 0.652740; SojaMilch 0.647403;
AlbiHimbeerJuice,PfannerGruneIcetea,0,9,4,5.77003e-05,0.801541,0,AlbiHimbeerJuice 0.685739;
AlbiHimbeerJuice,PfannerGruneIcetea,0,9,4,5.40003e-05,0.794416,0,AlbiHimbeerJuice 0.672304; KoellnMuesliKnusperHonigNuss 0.647965;
AlbiHimbeerJuice,PfannerGruneIcetea,0,12,2,4.92576e-05,0.785313,0,AlbiHimbeerJuice 0.661136; KoellnMuesliKnusperHonigNuss 0.657267;
AlbiHimbeerJuice,PfannerGruneIcetea,0,9,4,4.11331e-05,0.773961,0,AlbiHimbeerJuice 0.689043; KoellnMuesliKnusperHonigNuss 0.652627; SpitzenReis 0.650774;
KoellnMuesliKnusperHonigNuss,PfannerGruneIcetea,0,10,6,4.80248e-05,0.804206,0,KoellnMuesliKnusperHonigNuss 0.675898; AlbiHimbeerJuice 0.658669; SpitzenReis 0.645267;
KoellnMuesliKnusperHonigNuss,PfannerGruneIcetea,0,13,5,4.45109e-05,0.783257,0,KoellnMuesliKnusperHonigNuss 0.647225; AlbiHimbeerJuice 0.643733; SpitzenReis 0.633305; SojaMilch 0.631416;
AlbiHimbeerJuice,PfannerGruneIcetea,0,9,6,4.24254e-05,0.78558,0,AlbiHimbeerJuice 0.690044; KoellnMuesliKnusperHonigNuss 0.659190;
AlbiHimbeerJuice,PfannerGruneIcetea,0,9,4,4.67088e-05,0.795712,0,AlbiHimbeerJuice 0.672521;
AlbiHimbeerJuice,PfannerGruneIcetea,0,11,5,5.05733e-05,0.787627,0,AlbiHimbeerJuice 0.677357; KoellnMuesliKnusperHonigNuss 0.637755;
KoellnMuesliKnusperHonigNuss,SojaMilch,0,11,4,4.6658e-05,0.788074,0,KoellnMuesliKnusperHonigNuss 0.665346; AlbiHimbeerJuice 0.654969; SpitzenReis 0.636212; SojaMilch 0.629919;
KoellnMuesliKnusperHonigNuss,SojaMilch,0,13,2,5.70355e-05,0.78999,0,KoellnMuesliKnusperHonigNuss 0.676606; AlbiHimbeerJuice 0.661130; SpitzenReis 0.641995; SojaMilch 0.634499;
AlbiHimbeerJuice,SojaMilch,0,10,5,5.78226e-05,0.790727,0,AlbiHimbeerJuice 0.685263; KoellnMuesliKnusperHonigNuss 0.657554;
AlbiHimbeerJuice,SojaMilch,0,10,4,4.43784e-05,0.781568,0,AlbiHimbeerJuice 0.660448; KoellnMuesliKnusperHonigNuss 0.655517; SojaMilch 0.635642;
AlbiHimbeerJuice,SojaMilch,0,12,4,6.05065e-05,0.797603,0,AlbiHimbeerJuice 0.671710; KoellnMuesliKnusperHonigNuss 0.662991; SpitzenReis 0.643090;
KoellnMuesliKnusperHonigNuss,SojaMilch,0,11,3,4.18531e-05,0.789269,0,KoellnMuesliKnusperHonigNuss 0.661307; AlbiHimbeerJuice 0.656327; SpitzenReis 0.645360;
AlbiHimbeerJuice,SojaMilch,0,15,4,0.000170077,0.803297,0,AlbiHimbeerJuice 0.711064;
KoellnMuesliKnusperHonigNuss,SojaMilch,0,17,3,0.000194139,0.783772,0,KoellnMuesliKnusperHonigNuss 0.661368; AlbiHimbeerJuice 0.653122; SojaMilch 0.632173;
AlbiHimbeerJuice,SojaMilch,0,17,5,0.000191237,0.794993,0,AlbiHimbeerJuice 0.666309; KoellnMuesliKnusperHonigNuss 0.646402;
AlbiHimbeerJuice,SojaMilch,0,13,4,0.000180813,0.805854,0,AlbiHimbeerJuice 0.676076; KoellnMuesliKnusperHonigNuss 0.654808;
KoellnMuesliKnusperHonigNuss,KoellnMuesliKnusperHonigNuss,1,60,6,9.12651e-06,0.754488,1,KoellnMuesliKnusperHonigNuss 0.693559;
KoellnMuesliKnusperHonigNuss,KoellnMuesliKnusperHonigNuss,1,53,8,7.09227e-06,0.758555,1,KoellnMuesliKnusperHonigNuss 0.700065;
KoellnMuesliKnusperHonigNuss,KoellnMuesliKnusperHonigNuss,1,63,9,8.62809e-06,0.75845,1,KoellnMuesliKnusperHonigNuss 0.666749;
KoellnMuesliKnusperHonigNuss,KoellnMuesliKnusperHonigNuss,1,62,8,8.29286e-06,0.753834,1,KoellnMuesliKnusperHonigNuss 0.686743;
KoellnMuesliKnusperHonigNuss,KoellnMuesliKnusperHonigNuss,1,64,7,7.47807e-06,0.753019,1,KoellnMuesliKnusperHonigNuss 0.689230;
KoellnMuesliKnusperHonigNuss,KoellnMuesliKnusperHonigNuss,1,62,7,8.7348e-06,0.753768,1,KoellnMuesliKnusperHonigNuss 0.688077;
KoellnMuesliKnusperHonigNuss,KoellnMuesliKnusperHonigNuss,1,59,7,8.05743e-06,0.756871,1,KoellnMuesliKnusperHonigNuss 0.697457;
KoellnMuesliKnusperHonigNuss,KoellnMuesliKnusperHonigNuss,1,69,7,7.68363e-06,0.753651,1,KoellnMuesliKnusperHonigNuss 0.680830;
KoellnMuesliKnusperHonigNuss,KoellnMuesliKnusperHonigNuss,1,61,6,7.8181e-06,0.756148,1,KoellnMuesliKnusperHonigNuss 0.686948;
KoellnMuesliKnusperHonigNuss,KoellnMuesliKnusperHonigNuss,1,62,6,7.25946e-06,0.752249,1,KoellnMuesliKnusperHonigNuss 0.698696;
KoellnMuesliKnusperHonigNuss,AlbiHimbeerJuice,0,10,2,4.8354e-05,0.82803,0,KoellnMuesliKnusperHonigNuss 0.694535;
KoellnMuesliKnusperHonigNuss,AlbiHimbeerJuice,0,10,2,4.3365e-05,0.820311,0,KoellnMuesliKnusperHonigNuss 0.698550;
KoellnMuesliKnusperHonigNuss,AlbiHimbeerJuice,0,8,1,6.01663e-05,0.822402,0,KoellnMuesliKnusperHonigNuss 0.685465;
KoellnMuesliKnusperHonigNuss,AlbiHimbeerJuice,0,10,2,5.54858e-05,0.826799,0,KoellnMuesliKnusperHonigNuss 0.692808;
KoellnMuesliKnusperHonigNuss,AlbiHimbeerJuice,0,10,3,5.15794e-05,0.820503,0,KoellnMuesliKnusperHonigNuss 0.670902;
KoellnMuesliKnusperHonigNuss,AlbiHimbeerJuice,0,9,4,4.03835e-05,0.821987,0,KoellnMuesliKnusperHonigNuss 0.705440;
KoellnMuesliKnusperHonigNuss,AlbiHimbeerJuice,0,10,3,5.08792e-05,0.826752,0,KoellnMuesliKnusperHonigNuss 0.666969;
KoellnMuesliKnusperHonigNuss,AlbiHimbeerJuice,0,11,1,5.5049e-05,0.81913,0,KoellnMuesliKnusperHonigNuss 0.687506;
KoellnMuesliKnusperHonigNuss,AlbiHimbeerJuice,0,10,3,2.81969e-05,0.819148,0,KoellnMuesliKnusperHonigNuss 0.690321;
KoellnMuesliKnusperHonigNuss,AlbiHimbeerJuice,0,7,2,5.12233e-05,0.827767,0,KoellnMuesliKnusperHonigNuss 0.669025;
KoellnMuesliKnusperHonigNuss,KelloggsCornFlakes,0,12,1,0.000612116,0.860437,0,KoellnMuesliKnusperHonigNuss 0.674811;
KoellnMuesliKnusperHonigNuss,KelloggsCornFlakes,0,11,2,0.000603893,0.873593,0,KoellnMuesliKnusperHonigNuss 0.690746;
KoellnMuesliKnusperHonigNuss,KelloggsCornFlakes,0,11,2,0.000618899,0.85738,0,KoellnMuesliKnusperHonigNuss 0.696357;
KoellnMuesliKnusperHonigNuss,KelloggsCornFlakes,0,10,3,0.000592977,0.863392,0,KoellnMuesliKnusperHonigNuss 0.698997;
KoellnMuesliKnusperHonigNuss,KelloggsCornFlakes,0,9,1,0.000626849,0.899249,0,KoellnMuesliKnusperHonigNuss 0.686493;
KoellnMuesliKnusperHonigNuss,KelloggsCornFlakes,0,11,3,0.000612162,0.865115,0,KoellnMuesliKnusperHonigNuss 0.690540;
KoellnMuesliKnusperHonigNuss,KelloggsCornFlakes,0,13,1,0.000608356,0.866325,0,KoellnMuesliKnusperHonigNuss 0.680943;
KoellnMuesliKnusperHonigNuss,KelloggsCornFlakes,0,11,2,0.000634443,0.861354,0,KoellnMuesliKnusperHonigNuss 0.685899;
KoellnMuesliKnusperHonigNuss,KelloggsCornFlakes,0,11,3,0.000624934,0.85683,0,KoellnMuesliKnusperHonigNuss 0.696246;
KoellnMuesliKnusperHonigNuss,KelloggsCornFlakes,0,10,2,0.000624183,0.858302,0,KoellnMuesliKnusperHonigNuss 0.673940;
KoellnMuesliKnusperHonigNuss,VollMilch,0,9,5,1.08913e-05,0.850973,0,KoellnMuesliKnusperHonigNuss 0.676618;
KoellnMuesliKnusperHonigNuss,VollMilch,0,12,9,1.12473e-05,0.845517,0,KoellnMuesliKnusperHonigNuss 0.690401;
KoellnMuesliKnusperHonigNuss,VollMilch,0,8,8,1.16884e-05,0.847134,0,KoellnMuesliKnusperHonigNuss 0.695290;
KoellnMuesliKnusperHonigNuss,VollMilch,0,11,8,1.0038e-05,0.853794,0,KoellnMuesliKnusperHonigNuss 0.698580;
KoellnMuesliKnusperHonigNuss,VollMilch,0,11,7,1.31927e-05,0.855352,0,KoellnMuesliKnusperHonigNuss 0.686158;
KoellnMuesliKnusperHonigNuss,VollMilch,0,10,9,1.22744e-05,0.84819,0,KoellnMuesliKnusperHonigNuss 0.694978;
KoellnMuesliKnusperHonigNuss,VollMilch,0,12,8,1.01678e-05,0.845582,0,KoellnMuesliKnusperHonigNuss 0.691261;
KoellnMuesliKnusperHonigNuss,VollMilch,0,10,9,1.06849e-05,0.849414,0,KoellnMuesliKnusperHonigNuss 0.709310;
KoellnMuesliKnusperHonigNuss,VollMilch,0,11,8,1.00155e-05,0.847926,0,KoellnMuesliKnusperHonigNuss 0.689661;
KoellnMuesliKnusperHonigNuss,VollMilch,0,11,8,1.06808e-05,0.852995,0,KoellnMuesliKnusperHonigNuss 0.715772;
KoellnMuesliKnusperHonigNuss,SpitzenReis,0,11,14,4.08172e-06,0.85562,0,KoellnMuesliKnusperHonigNuss 0.671736;
KoellnMuesliKnusperHonigNuss,SpitzenReis,0,15,14,4.1019e-06,0.850352,0,KoellnMuesliKnusperHonigNuss 0.691833;
KoellnMuesliKnusperHonigNuss,SpitzenReis,0,13,8,3.78189e-06,0.851033,0,KoellnMuesliKnusperHonigNuss 0.685992;
KoellnMuesliKnusperHonigNuss,SpitzenReis,0,13,11,4.17465e-06,0.8496,0,KoellnMuesliKnusperHonigNuss 0.696586;
KoellnMuesliKnusperHonigNuss,SpitzenReis,0,12,14,3.94928e-06,0.849242,0,KoellnMuesliKnusperHonigNuss 0.701198;
KoellnMuesliKnusperHonigNuss,SpitzenReis,0,15,13,3.99366e-06,0.856463,0,KoellnMuesliKnusperHonigNuss 0.692810;
KoellnMuesliKnusperHonigNuss,SpitzenReis,0,12,14,4.56962e-06,0.853215,0,KoellnMuesliKnusperHonigNuss 0.675507;
KoellnMuesliKnusperHonigNuss,SpitzenReis,0,15,11,4.03763e-06,0.854504,0,KoellnMuesliKnusperHonigNuss 0.689845;
KoellnMuesliKnusperHonigNuss,SpitzenReis,0,12,16,3.93017e-06,0.856707,0,KoellnMuesliKnusperHonigNuss 0.688492;
KoellnMuesliKnusperHonigNuss,SpitzenReis,0,10,14,3.9736e-06,0.846386,0,KoellnMuesliKnusperHonigNuss 0.678577;
KoellnMuesliKnusperHonigNuss,PfannerGruneIcetea,0,11,2,4.92738e-05,0.860529,0,KoellnMuesliKnusperHonigNuss 0.703323;
KoellnMuesliKnusperHonigNuss,PfannerGruneIcetea,0,11,1,6.64878e-05,0.949245,0,KoellnMuesliKnusperHonigNuss 0.688952;
KoellnMuesliKnusperHonigNuss,PfannerGruneIcetea,0,11,2,4.82183e-05,0.867547,0,KoellnMuesliKnusperHonigNuss 0.665647;
KoellnMuesliKnusperHonigNuss,PfannerGruneIcetea,0,12,2,5.0397e-05,0.862358,0,KoellnMuesliKnusperHonigNuss 0.668017;
KoellnMuesliKnusperHonigNuss,PfannerGruneIcetea,0,12,1,6.03647e-05,0.868582,0,KoellnMuesliKnusperHonigNuss 0.697206;
KoellnMuesliKnusperHonigNuss,PfannerGruneIcetea,0,11,2,4.68771e-05,0.860491,0,KoellnMuesliKnusperHonigNuss 0.689617;
KoellnMuesliKnusperHonigNuss,PfannerGruneIcetea,0,13,2,5.07515e-05,0.857166,0,KoellnMuesliKnusperHonigNuss 0.680523;
KoellnMuesliKnusperHonigNuss,PfannerGruneIcetea,0,10,3,3.37087e-05,0.852843,0,KoellnMuesliKnusperHonigNuss 0.716425;
KoellnMuesliKnusperHonigNuss,PfannerGruneIcetea,0,13,2,4.89468e-05,0.856854,0,KoellnMuesliKnusperHonigNuss 0.695635;
KoellnMuesliKnusperHonigNuss,PfannerGruneIcetea,0,11,1,4.32566e-05,0.85265,0,KoellnMuesliKnusperHonigNuss 0.721157;
KoellnMuesliKnusperHonigNuss,SojaMilch,0,10,2,1.29166e-05,0.851718,0,KoellnMuesliKnusperHonigNuss 0.688651;
KoellnMuesliKnusperHonigNuss,SojaMilch,0,10,3,1.30895e-05,0.857108,0,KoellnMuesliKnusperHonigNuss 0.702913;
KoellnMuesliKnusperHonigNuss,SojaMilch,0,10,2,1.48393e-05,0.858407,0,KoellnMuesliKnusperHonigNuss 0.695151;
KoellnMuesliKnusperHonigNuss,SojaMilch,0,11,2,1.77712e-05,0.858097,0,KoellnMuesliKnusperHonigNuss 0.692674;
KoellnMuesliKnusperHonigNuss,SojaMilch,0,10,4,1.54606e-05,0.849896,0,KoellnMuesliKnusperHonigNuss 0.667833;
KoellnMuesliKnusperHonigNuss,SojaMilch,0,10,3,1.32864e-05,0.85536,0,KoellnMuesliKnusperHonigNuss 0.694882;
KoellnMuesliKnusperHonigNuss,SojaMilch,0,10,2,1.3328e-05,0.853113,0,KoellnMuesliKnusperHonigNuss 0.684751;
KoellnMuesliKnusperHonigNuss,SojaMilch,0,10,2,1.40171e-05,0.851681,0,KoellnMuesliKnusperHonigNuss 0.672056;
KoellnMuesliKnusperHonigNuss,SojaMilch,0,12,2,1.30536e-05,0.852621,0,KoellnMuesliKnusperHonigNuss 0.718218;
KoellnMuesliKnusperHonigNuss,SojaMilch,0,10,2,1.39937e-05,0.846823,0,KoellnMuesliKnusperHonigNuss 0.692443;
AlbiHimbeerJuice,KoellnMuesliKnusperHonigNuss,0,20,1,0.000214626,0.625539,0,AlbiHimbeerJuice 0.655160; KoellnMuesliKnusperHonigNuss 0.624324; SojaMilch 0.622180;
AlbiHimbeerJuice,KoellnMuesliKnusperHonigNuss,0,23,0,0.000223022,0.605852,0,AlbiHimbeerJuice 0.643806; KoellnMuesliKnusperHonigNuss 0.642784; SpitzenReis 0.616932;
AlbiHimbeerJuice,KoellnMuesliKnusperHonigNuss,0,20,1,0.000219961,0.594138,0,AlbiHimbeerJuice 0.680613; KoellnMuesliKnusperHonigNuss 0.658319;
AlbiHimbeerJuice,KoellnMuesliKnusperHonigNuss,0,18,0,0.000230826,0.612682,0,AlbiHimbeerJuice 0.684343;
AlbiHimbeerJuice,KoellnMuesliKnusperHonigNuss,0,18,0,0.000224921,0.616501,0,AlbiHimbeerJuice 0.712911;
AlbiHimbeerJuice,KoellnMuesliKnusperHonigNuss,0,14,1,0.000239684,0.629548,0,AlbiHimbeerJuice 0.695471;
AlbiHimbeerJuice,KoellnMuesliKnusperHonigNuss,0,10,0,0.000233202,0.682013,0,AlbiHimbeerJuice 0.665621; KoellnMuesliKnusperHonigNuss 0.645115;
AlbiHimbeerJuice,KoellnMuesliKnusperHonigNuss,0,17,0,0.000218217,0.610594,0,AlbiHimbeerJuice 0.682813; SojaMilch 0.648139; KoellnMuesliKnusperHonigNuss 0.639112;
AlbiHimbeerJuice,KoellnMuesliKnusperHonigNuss,0,26,0,0.000217409,0.614495,0,AlbiHimbeerJuice 0.697584;
AlbiHimbeerJuice,KoellnMuesliKnusperHonigNuss,0,17,0,0.000215522,0.607167,0,AlbiHimbeerJuice 0.656635; KoellnMuesliKnusperHonigNuss 0.653699; SpitzenReis 0.631642;
AlbiHimbeerJuice,AlbiHimbeerJuice,1,19,1,0.000210667,0.614922,0,AlbiHimbeerJuice 0.644240; KoellnMuesliKnusperHonigNuss 0.641246; SpitzenReis 0.631255;
AlbiHimbeerJuice,AlbiHimbeerJuice,1,21,0,0.000237818,0.620131,0,AlbiHimbeerJuice 0.650538; KoellnMuesliKnusperHonigNuss 0.649558;
AlbiHimbeerJuice,AlbiHimbeerJuice,1,9,1,0.000220537,0.67373,0,AlbiHimbeerJuice 0.673436; KoellnMuesliKnusperHonigNuss 0.636802;
KoellnMuesliKnusperHonigNuss,AlbiHimbeerJuice,0,8,1,0.000310652,0.76684,0,KoellnMuesliKnusperHonigNuss 0.658879; AlbiHimbeerJuice 0.642138; SpitzenReis 0.621153;
AlbiHimbeerJuice,AlbiHimbeerJuice,1,18,0,0.000230224,0.622909,0,AlbiHimbeerJuice 0.662948; KoellnMuesliKnusperHonigNuss 0.650593; SpitzenReis 0.640521;
AlbiHimbeerJuice,AlbiHimbeerJuice,1,21,2,0.000218983,0.618181,0,AlbiHimbeerJuice 0.693139;
AlbiHimbeerJuice,AlbiHimbeerJuice,1,18,2,0.000229364,0.617387,0,AlbiHimbeerJuice 0.701609;
AlbiHimbeerJuice,AlbiHimbeerJuice,1,15,0,0.000220931,0.616333,0,AlbiHimbeerJuice 0.665969; KoellnMuesliKnusperHonigNuss 0.656684;
AlbiHimbeerJuice,AlbiHimbeerJuice,1,15,0,0.000224638,0.611857,0,AlbiHimbeerJuice 0.684604;
AlbiHimbeerJuice,AlbiHimbeerJuice,1,10,0,8.0576e-05,0.713796,0,AlbiHimbeerJuice 0.669923; KoellnMuesliKnusperHonigNuss 0.661111;
AlbiHimbeerJuice,KelloggsCornFlakes,0,12,2,8.26945e-05,0.720994,0,AlbiHimbeerJuice 0.691122; KoellnMuesliKnusperHonigNuss 0.654096;
KoellnMuesliKnusperHonigNuss,KelloggsCornFlakes,0,11,1,8.54705e-05,0.703189,0,KoellnMuesliKnusperHonigNuss 0.634397; AlbiHimbeerJuice 0.628059; SpitzenReis 0.613209;
AlbiHimbeerJuice,KelloggsCornFlakes,0,12,1,8.44391e-05,0.706659,0,AlbiHimbeerJuice 0.697013;
AlbiHimbeerJuice,KelloggsCornFlakes,0,13,0,7.9998e-05,0.717386,0,AlbiHimbeerJuice 0.670455; KoellnMuesliKnusperHonigNuss 0.664709;
AlbiHimbeerJuice,KelloggsCornFlakes,0,10,0,8.38582e-05,0.723224,0,AlbiHimbeerJuice 0.671653; KoellnMuesliKnusperHonigNuss 0.651194;
AlbiHimbeerJuice,KelloggsCornFlakes,0,11,1,8.43172e-05,0.71008,0,AlbiHimbeerJuice 0.675913; KoellnMuesliKnusperHonigNuss 0.646986;
AlbiHimbeerJuice,KelloggsCornFlakes,0,10,0,8.36132e-05,0.708577,0,AlbiHimbeerJuice 0.697267; KoellnMuesliKnusperHonigNuss 0.658503;
AlbiHimbeerJuice,KelloggsCornFlakes,0,10,0,8.57055e-05,0.721922,0,AlbiHimbeerJuice 0.667872; KoellnMuesliKnusperHonigNuss 0.649905;
AlbiHimbeerJuice,KelloggsCornFlakes,0,9,1,8.24624e-05,0.710284,0,AlbiHimbeerJuice 0.684704;
AlbiHimbeerJuice,KelloggsCornFlakes,0,14,3,8.49203e-05,0.707765,0,AlbiHimbeerJuice 0.689083; SojaMilch 0.641048;
KoellnMuesliKnusperHonigNuss,VollMilch,0,11,1,8.43341e-05,0.699959,0,KoellnMuesliKnusperHonigNuss 0.646140; AlbiHimbeerJuice 0.637808; SpitzenReis 0.616774; SojaMilch 0.613441;
AlbiHimbeerJuice,VollMilch,0,12,1,8.21642e-05,0.714163,0,AlbiHimbeerJuice 0.653970; KoellnMuesliKnusperHonigNuss 0.642987; SojaMilch 0.628247; SpitzenReis 0.626680;
KoellnMuesliKnusperHonigNuss,VollMilch,0,13,1,8.34353e-05,0.711526,0,KoellnMuesliKnusperHonigNuss 0.661508; AlbiHimbeerJuice 0.653985; SpitzenReis 0.633832; SojaMilch 0.627318;
AlbiHimbeerJuice,VollMilch,0,11,1,8.32754e-05,0.710832,0,AlbiHimbeerJuice 0.683103; KoellnMuesliKnusperHonigNuss 0.642834;
AlbiHimbeerJuice,VollMilch,0,12,1,8.403e-05,0.714147,0,AlbiHimbeerJuice 0.656007; KoellnMuesliKnusperHonigNuss 0.645495; SpitzenReis 0.642292;
AlbiHimbeerJuice,VollMilch,0,14,1,8.71798e-05,0.71314,0,AlbiHimbeerJuice 0.668689; KoellnMuesliKnusperHonigNuss 0.641631;
AlbiHimbeerJuice,VollMilch,0,11,0,0.00118295,0.746706,0,AlbiHimbeerJuice 0.662522; KoellnMuesliKnusperHonigNuss 0.661609;
AlbiHimbeerJuice,VollMilch,0,14,0,0.00116969,0.748377,0,AlbiHimbeerJuice 0.652516; KoellnMuesliKnusperHonigNuss 0.637827;
AlbiHimbeerJuice,VollMilch,0,16,0,0.00123242,0.712454,0,AlbiHimbeerJuice 0.697220;
AlbiHimbeerJuice,VollMilch,0,20,0,0.00126235,0.713302,0,AlbiHimbeerJuice 0.697351;
AlbiHimbeerJuice,SpitzenReis,0,17,0,0.0012199,0.714038,0,AlbiHimbeerJuice 0.685640; KoellnMuesliKnusperHonigNuss 0.653261;
AlbiHimbeerJuice,SpitzenReis,0,17,0,0.00125214,0.724211,0,AlbiHimbeerJuice 0.670049; KoellnMuesliKnusperHonigNuss 0.654675; SpitzenReis 0.641011;
KoellnMuesliKnusperHonigNuss,SpitzenReis,0,15,0,0.00122927,0.724751,0,KoellnMuesliKnusperHonigNuss 0.636974; AlbiHimbeerJuice 0.621571; SpitzenReis 0.615521;
AlbiHimbeerJuice,SpitzenReis,0,17,0,0.00123122,0.733343,0,AlbiHimbeerJuice 0.677740; KoellnMuesliKnusperHonigNuss 0.652675;
AlbiHimbeerJuice,SpitzenReis,0,19,1,0.00122306,0.71175,0,AlbiHimbeerJuice 0.673295; KoellnMuesliKnusperHonigNuss 0.661789;
AlbiHimbeerJuice,SpitzenReis,0,12,0,0.00115962,0.739171,0,AlbiHimbeerJuice 0.685739;
AlbiHimbeerJuice,SpitzenReis,0,12,0,0.00120725,0.726947,0,AlbiHimbeerJuice 0.683511; KoellnMuesliKnusperHonigNuss 0.655492; SpitzenReis 0.649758; SojaMilch 0.647022;
AlbiHimbeerJuice,SpitzenReis,0,11,0,0.00116585,0.748053,0,AlbiHimbeerJuice 0.679023; KoellnMuesliKnusperHonigNuss 0.652227;
AlbiHimbeerJuice,SpitzenReis,0,13,0,0.00121775,0.712071,0,AlbiHimbeerJuice 0.689043; KoellnMuesliKnusperHonigNuss 0.652627; SpitzenReis 0.650774;
KoellnMuesliKnusperHonigNuss,SpitzenReis,0,13,1,0.00120544,0.731365,0,KoellnMuesliKnusperHonigNuss 0.675898; AlbiHimbeerJuice 0.658669; SpitzenReis 0.645267;
KoellnMuesliKnusperHonigNuss,PfannerGruneIcetea,0,17,0,0.00117174,0.7228,0,KoellnMuesliKnusperHonigNuss 0.647225; AlbiHimbeerJuice 0.643733; SpitzenReis 0.633305; SojaMilch 0.631416;
AlbiHimbeerJuice,PfannerGruneIcetea,0,12,0,0.00119489,0.7083,0,AlbiHimbeerJuice 0.690044; KoellnMuesliKnusperHonigNuss 0.659190;
AlbiHimbeerJuice,PfannerGruneIcetea,0,18,0,0.00120458,0.723977,0,AlbiHimbeerJuice 0.672521;
AlbiHimbeerJuice,PfannerGruneIcetea,0,11,5,5.05733e-05,0.790313,0,AlbiHimbeerJuice 0.677357; KoellnMuesliKnusperHonigNuss 0.637755;
KoellnMuesliKnusperHonigNuss,PfannerGruneIcetea,0,10,4,4.6658e-05,0.788719,0,KoellnMuesliKnusperHonigNuss 0.665346; AlbiHimbeerJuice 0.654969; SpitzenReis 0.636212; SojaMilch 0.629919;
KoellnMuesliKnusperHonigNuss,PfannerGruneIcetea,0,11,2,5.70355e-05,0.789635,0,KoellnMuesliKnusperHonigNuss 0.676606; AlbiHimbeerJuice 0.661130; SpitzenReis 0.641995; SojaMilch 0.634499;
AlbiHimbeerJuice,PfannerGruneIcetea,0,12,3,4.83055e-05,0.78775,0,AlbiHimbeerJuice 0.681322; KoellnMuesliKnusperHonigNuss 0.659266;
AlbiHimbeerJuice,PfannerGruneIcetea,0,8,4,4.43784e-05,0.784587,0,AlbiHimbeerJuice 0.660448; KoellnMuesliKnusperHonigNuss 0.655517; SojaMilch 0.635642;
AlbiHimbeerJuice,PfannerGruneIcetea,0,12,3,6.05065e-05,0.797041,0,AlbiHimbeerJuice 0.671710; KoellnMuesliKnusperHonigNuss 0.662991; SpitzenReis 0.643090;
KoellnMuesliKnusperHonigNuss,PfannerGruneIcetea,0,11,3,4.18531e-05,0.790361,0,KoellnMuesliKnusperHonigNuss 0.661307; AlbiHimbeerJuice 0.656327; SpitzenReis 0.645360;
AlbiHimbeerJuice,SojaMilch,0,10,4,4.74923e-05,0.778244,0,AlbiHimbeerJuice 0.711064;
KoellnMuesliKnusperHonigNuss,SojaMilch,0,10,7,4.52632e-05,0.797415,0,KoellnMuesliKnusperHonigNuss 0.661368; AlbiHimbeerJuice 0.653122; SojaMilch 0.632173;
AlbiHimbeerJuice,SojaMilch,0,15,3,5.5249e-05,0.793191,0,AlbiHimbeerJuice 0.666309; KoellnMuesliKnusperHonigNuss 0.646402;
AlbiHimbeerJuice,SojaMilch,0,10,4,4.56165e-05,0.793513,0,AlbiHimbeerJuice 0.673305; KoellnMuesliKnusperHonigNuss 0.668191; SojaMilch 0.648522;
AlbiHimbeerJuice,SojaMilch,0,10,6,4.3613e-05,0.801358,0,AlbiHimbeerJuice 0.658846; KoellnMuesliKnusperHonigNuss 0.653443; SpitzenReis 0.629170;
AlbiHimbeerJuice,SojaMilch,0,10,4,5.24529e-05,0.791987,0,AlbiHimbeerJuice 0.682973; SojaMilch 0.638826;
AlbiHimbeerJuice,SojaMilch,0,11,4,4.78106e-05,0.782998,0,AlbiHimbeerJuice 0.667861; KoellnMuesliKnusperHonigNuss 0.661683; SpitzenReis 0.645715;
AlbiHimbeerJuice,SojaMilch,0,8,5,4.84455e-05,0.793033,0,AlbiHimbeerJuice 0.692007;
KoellnMuesliKnusperHonigNuss,SojaMilch,0,10,5,4.83165e-05,0.775089,0,KoellnMuesliKnusperHonigNuss 0.636249; AlbiHimbeerJuice 0.633384; SpitzenReis 0.609967; SojaMilch 0.604011;
AlbiHimbeerJuice,SojaMilch,0,17,5,0.000190846,0.791541,0,AlbiHimbeerJuice 0.652361; KoellnMuesliKnusperHonigNuss 0.646975; SojaMilch 0.623576;
AlbiHimbeerJuice,AlbiHimbeerJuice,1,14,4,7.97488e-05,0.702133,0,AlbiHimbeerJuice 0.655160; KoellnMuesliKnusperHonigNuss 0.624324; SojaMilch 0.622180;
AlbiHimbeerJuice,AlbiHimbeerJuice,1,10,1,9.02281e-05,0.695589,0,AlbiHimbeerJuice 0.680613; KoellnMuesliKnusperHonigNuss 0.658319;
AlbiHimbeerJuice,AlbiHimbeerJuice,1,13,2,8.0731e-05,0.711274,0,AlbiHimbeerJuice 0.684343;
AlbiHimbeerJuice,AlbiHimbeerJuice,1,13,0,7.80827e-05,0.709593,0,AlbiHimbeerJuice 0.712911;
AlbiHimbeerJuice,AlbiHimbeerJuice,1,9,1,8.25309e-05,0.713908,0,AlbiHimbeerJuice 0.695471;
AlbiHimbeerJuice,AlbiHimbeerJuice,1,15,0,8.21804e-05,0.732659,0,AlbiHimbeerJuice 0.665621; KoellnMuesliKnusperHonigNuss 0.645115;
AlbiHimbeerJuice,AlbiHimbeerJuice,1,9,1,8.38434e-05,0.706775,0,AlbiHimbeerJuice 0.682813; SojaMilch 0.648139; KoellnMuesliKnusperHonigNuss 0.639112;
AlbiHimbeerJuice,AlbiHimbeerJuice,1,13,1,8.28913e-05,0.710186,0,AlbiHimbeerJuice 0.656635; KoellnMuesliKnusperHonigNuss 0.653699; SpitzenReis 0.631642;
AlbiHimbeerJuice,AlbiHimbeerJuice,1,9,2,8.50907e-05,0.722754,0,AlbiHimbeerJuice 0.644240; KoellnMuesliKnusperHonigNuss 0.641246; SpitzenReis 0.631255;
AlbiHimbeerJuice,AlbiHimbeerJuice,1,12,1,8.17892e-05,0.704666,0,AlbiHimbeerJuice 0.676068; KoellnMuesliKnusperHonigNuss 0.652299;
AlbiHimbeerJuice,AlbiHimbeerJuice,1,11,1,8.33836e-05,0.701884,0,AlbiHimbeerJuice 0.673436; KoellnMuesliKnusperHonigNuss 0.636802;
AlbiHimbeerJuice,AlbiHimbeerJuice,1,10,0,8.76289e-05,0.813574,0,AlbiHimbeerJuice 0.701660;
AlbiHimbeerJuice,AlbiHimbeerJuice,1,10,0,8.11745e-05,0.718571,0,AlbiHimbeerJuice 0.662948; KoellnMuesliKnusperHonigNuss 0.650593; SpitzenReis 0.640521;
AlbiHimbeerJuice,AlbiHimbeerJuice,1,11,1,8.07467e-05,0.729082,0,AlbiHimbeerJuice 0.693139;
AlbiHimbeerJuice,AlbiHimbeerJuice,1,10,1,8.6849e-05,0.704702,0,AlbiHimbeerJuice 0.701609;
AlbiHimbeerJuice,AlbiHimbeerJuice,1,15,2,8.41363e-05,0.717177,0,AlbiHimbeerJuice 0.684604;
AlbiHimbeerJuice,AlbiHimbeerJuice,1,12,0,8.0576e-05,0.714729,0,AlbiHimbeerJuice 0.669923; KoellnMuesliKnusperHonigNuss 0.661111;
AlbiHimbeerJuice,AlbiHimbeerJuice,1,11,2,8.26945e-05,0.722036,0,AlbiHimbeerJuice 0.691122; KoellnMuesliKnusperHonigNuss 0.654096;
KoellnMuesliKnusperHonigNuss,AlbiHimbeerJuice,0,10,1,8.54705e-05,0.701028,0,KoellnMuesliKnusperHonigNuss 0.634397; AlbiHimbeerJuice 0.628059; SpitzenReis 0.613209;
AlbiHimbeerJuice,AlbiHimbeerJuice,1,10,3,8.4037e-05,0.703971,0,AlbiHimbeerJuice 0.695890;
AlbiHimbeerJuice,AlbiHimbeerJuice,1,14,0,7.97929e-05,0.723957,0,AlbiHimbeerJuice 0.696570; KoellnMuesliKnusperHonigNuss 0.674861;
KoellnMuesliKnusperHonigNuss,AlbiHimbeerJuice,0,13,0,8.34118e-05,0.706019,0,KoellnMuesliKnusperHonigNuss 0.660520; AlbiHimbeerJuice 0.653198; SpitzenReis 0.640085;
AlbiHimbeerJuice,AlbiHimbeerJuice,1,11,0,8.36132e-05,0.705556,0,AlbiHimbeerJuice 0.697267; KoellnMuesliKnusperHonigNuss 0.658503;
AlbiHimbeerJuice,AlbiHimbeerJuice,1,13,2,8.1165e-05,0.718724,0,AlbiHimbeerJuice 0.671648; KoellnMuesliKnusperHonigNuss 0.646483;
AlbiHimbeerJuice,AlbiHimbeerJuice,1,13,3,8.49203e-05,0.710281,0,AlbiHimbeerJuice 0.689083; SojaMilch 0.641048;
KoellnMuesliKnusperHonigNuss,AlbiHimbeerJuice,0,12,1,8.43341e-05,0.702396,0,KoellnMuesliKnusperHonigNuss 0.646140; AlbiHimbeerJuice 0.637808; SpitzenReis 0.616774; SojaMilch 0.613441;
AlbiHimbeerJuice,AlbiHimbeerJuice,1,13,1,8.21642e-05,0.713542,0,AlbiHimbeerJuice 0.653970; KoellnMuesliKnusperHonigNuss 0.642987; SojaMilch 0.628247; SpitzenReis 0.626680;
KoellnMuesliKnusperHonigNuss,AlbiHimbeerJuice,0,13,1,8.34353e-05,0.712135,0,KoellnMuesliKnusperHonigNuss 0.661508; AlbiHimbeerJuice 0.653985; SpitzenReis 0.633832; SojaMilch 0.627318;
AlbiHimbeerJuice,AlbiHimbeerJuice,1,12,1,8.32754e-05,0.713663,0,AlbiHimbeerJuice 0.683103; KoellnMuesliKnusperHonigNuss 0.642834;
AlbiHimbeerJuice,AlbiHimbeerJuice,1,13,0,8.15207e-05,0.715831,0,AlbiHimbeerJuice 0.666441; KoellnMuesliKnusperHonigNuss 0.640095; SpitzenReis 0.630331;
KoellnMuesliKnusperHonigNuss,AlbiHimbeerJuice,0,11,1,7.85388e-05,0.71478,0,KoellnMuesliKnusperHonigNuss 0.649581; AlbiHimbeerJuice 0.636816; SpitzenReis 0.630349; SojaMilch 0.617830;
AlbiHimbeerJuice,AlbiHimbeerJuice,1,13,1,7.9009e-05,0.697126,0,AlbiHimbeerJuice 0.662522; KoellnMuesliKnusperHonigNuss 0.661609;
AlbiHimbeerJuice,AlbiHimbeerJuice,1,12,1,8.37022e-05,0.69692,0,AlbiHimbeerJuice 0.652516; KoellnMuesliKnusperHonigNuss 0.637827;
AlbiHimbeerJuice,AlbiHimbeerJuice,1,11,0,8.27325e-05,0.717173,0,AlbiHimbeerJuice 0.699345;
AlbiHimbeerJuice,AlbiHimbeerJuice,1,13,1,8.04379e-05,0.707352,0,AlbiHimbeerJuice 0.700053; KoellnMuesliKnusperHonigNuss 0.657677;
AlbiHimbeerJuice,AlbiHimbeerJuice,1,12,0,8.69749e-05,0.703176,0,AlbiHimbeerJuice 0.670049; KoellnMuesliKnusperHonigNuss 0.654675; SpitzenReis 0.641011;
KoellnMuesliKnusperHonigNuss,AlbiHimbeerJuice,0,13,0,8.60889e-05,0.715744,0,KoellnMuesliKnusperHonigNuss 0.636974; AlbiHimbeerJuice 0.621571; SpitzenReis 0.615521;
AlbiHimbeerJuice,AlbiHimbeerJuice,1,10,0,7.90826e-05,0.722647,0,AlbiHimbeerJuice 0.674381; KoellnMuesliKnusperHonigNuss 0.636981;
AlbiHimbeerJuice,AlbiHimbeerJuice,1,10,0,8.47206e-05,0.710179,0,AlbiHimbeerJuice 0.678183; KoellnMuesliKnusperHonigNuss 0.654779;
AlbiHimbeerJuice,AlbiHimbeerJuice,1,13,1,8.45427e-05,0.714448,0,AlbiHimbeerJuice 0.669932; KoellnMuesliKnusperHonigNuss 0.656442;
AlbiHimbeerJuice,AlbiHimbeerJuice,1,11,2,8.58946e-05,0.706193,0,AlbiHimbeerJuice 0.673295; KoellnMuesliKnusperHonigNuss 0.661789;
AlbiHimbeerJuice,AlbiHimbeerJuice,1,13,0,8.59029e-05,0.710806,0,AlbiHimbeerJuice 0.677252; KoellnMuesliKnusperHonigNuss 0.661142; SpitzenReis 0.636315;
AlbiHimbeerJuice,AlbiHimbeerJuice,1,11,2,8.24313e-05,0.69177,0,AlbiHimbeerJuice 0.679535; KoellnMuesliKnusperHonigNuss 0.656253; SpitzenReis 0.641970;
KoellnMuesliKnusperHonigNuss,AlbiHimbeerJuice,0,11,1,8.08962e-05,0.693675,0,KoellnMuesliKnusperHonigNuss 0.658114; AlbiHimbeerJuice 0.655991; SojaMilch 0.632664; SpitzenReis 0.628483;
AlbiHimbeerJuice,AlbiHimbeerJuice,1,12,1,8.47328e-05,0.695262,0,AlbiHimbeerJuice 0.684792; KoellnMuesliKnusperHonigNuss 0.652740; SojaMilch 0.647403;
AlbiHimbeerJuice,AlbiHimbeerJuice,1,11,1,8.23202e-05,0.697455,0,AlbiHimbeerJuice 0.685739;
AlbiHimbeerJuice,AlbiHimbeerJuice,1,25,10,2.43805e-05,0.712177,1,AlbiHimbeerJuice 0.689491;
AlbiHimbeerJuice,AlbiHimbeerJuice,1,24,12,2.51247e-05,0.705668,1,AlbiHimbeerJuice 0.695269; KoellnMuesliKnusperHonigNuss 0.657489;
AlbiHimbeerJuice,AlbiHimbeerJuice,1,28,13,2.43365e-05,0.720453,1,AlbiHimbeerJuice 0.679224; KoellnMuesliKnusperHonigNuss 0.657702;
AlbiHimbeerJuice,AlbiHimbeerJuice,1,24,8,2.51868e-05,0.709551,1,AlbiHimbeerJuice 0.674274; KoellnMuesliKnusperHonigNuss 0.649184;
AlbiHimbeerJuice,AlbiHimbeerJuice,1,20,9,2.38542e-05,0.726878,1,AlbiHimbeerJuice 0.684111; KoellnMuesliKnusperHonigNuss 0.663913;
AlbiHimbeerJuice,AlbiHimbeerJuice,1,25,8,2.34728e-05,0.720051,1,AlbiHimbeerJuice 0.685597; KoellnMuesliKnusperHonigNuss 0.660673;
AlbiHimbeerJuice,AlbiHimbeerJuice,1,22,6,3.81391e-05,0.713908,1,AlbiHimbeerJuice 0.686731; KoellnMuesliKnusperHonigNuss 0.680968;
AlbiHimbeerJuice,AlbiHimbeerJuice,1,18,10,2.49943e-05,0.712499,0,AlbiHimbeerJuice 0.682568; KoellnMuesliKnusperHonigNuss 0.658675;
AlbiHimbeerJuice,AlbiHimbeerJuice,1,18,7,2.50159e-05,0.715461,0,AlbiHimbeerJuice 0.708463;
KoellnMuesliKnusperHonigNuss,AlbiHimbeerJuice,0,19,17,2.33605e-05,0.728073,0,KoellnMuesliKnusperHonigNuss 0.672368; AlbiHimbeerJuice 0.670596;
AlbiHimbeerJuice,AlbiHimbeerJuice,1,27,7,2.30064e-05,0.711854,1,AlbiHimbeerJuice 0.701145;
AlbiHimbeerJuice,AlbiHimbeerJuice,1,15,12,2.74702e-05,0.697914,0,AlbiHimbeerJuice 0.669915; KoellnMuesliKnusperHonigNuss 0.654226;
AlbiHimbeerJuice,AlbiHimbeerJuice,1,24,6,2.83318e-05,0.718641,1,AlbiHimbeerJuice 0.701342;
KoellnMuesliKnusperHonigNuss,AlbiHimbeerJuice,0,24,10,2.73382e-05,0.718117,1,KoellnMuesliKnusperHonigNuss 0.678745; AlbiHimbeerJuice 0.674281;
AlbiHimbeerJuice,AlbiHimbeerJuice,1,24,11,2.19869e-05,0.719147,1,AlbiHimbeerJuice 0.684334; KoellnMuesliKnusperHonigNuss 0.655995;
AlbiHimbeerJuice,AlbiHimbeerJuice,1,21,6,2.25999e-05,0.706958,1,AlbiHimbeerJuice 0.687209; KoellnMuesliKnusperHonigNuss 0.669501;
KoellnMuesliKnusperHonigNuss,AlbiHimbeerJuice,0,24,9,2.37801e-05,0.714973,1,KoellnMuesliKnusperHonigNuss 0.647247; AlbiHimbeerJuice 0.638602;
KoellnMuesliKnusperHonigNuss,AlbiHimbeerJuice,0,18,3,5.75538e-05,0.72377,0,KoellnMuesliKnusperHonigNuss 0.672310; AlbiHimbeerJuice 0.672253;
AlbiHimbeerJuice,AlbiHimbeerJuice,1,25,7,3.01991e-05,0.708001,1,AlbiHimbeerJuice 0.695857;
AlbiHimbeerJuice,AlbiHimbeerJuice,1,29,10,2.52684e-05,0.699207,1,AlbiHimbeerJuice 0.701994;
AlbiHimbeerJuice,AlbiHimbeerJuice,1,25,9,2.36729e-05,0.706445,1,AlbiHimbeerJuice 0.717665;
KoellnMuesliKnusperHonigNuss,AlbiHimbeerJuice,0,20,8,2.42836e-05,0.703125,1,KoellnMuesliKnusperHonigNuss 0.681175; AlbiHimbeerJuice 0.675332;
KoellnMuesliKnusperHonigNuss,AlbiHimbeerJuice,0,30,10,2.49525e-05,0.704148,1,KoellnMuesliKnusperHonigNuss 0.666112; AlbiHimbeerJuice 0.646446;
AlbiHimbeerJuice,AlbiHimbeerJuice,1,25,10,2.53475e-05,0.70282,1,AlbiHimbeerJuice 0.693050;
AlbiHimbeerJuice,AlbiHimbeerJuice,1,25,13,2.5238e-05,0.709872,1,AlbiHimbeerJuice 0.688757; KoellnMuesliKnusperHonigNuss 0.662015;
AlbiHimbeerJuice,AlbiHimbeerJuice,1,24,9,2.58785e-05,0.722141,1,AlbiHimbeerJuice 0.672886; KoellnMuesliKnusperHonigNuss 0.659666;
AlbiHimbeerJuice,AlbiHimbeerJuice,1,31,7,2.50337e-05,0.717197,1,AlbiHimbeerJuice 0.666112; KoellnMuesliKnusperHonigNuss 0.641034;
AlbiHimbeerJuice,AlbiHimbeerJuice,1,25,11,2.62569e-05,0.724292,1,AlbiHimbeerJuice 0.680870;
AlbiHimbeerJuice,AlbiHimbeerJuice,1,22,2,2.10326e-05,0.708984,0,AlbiHimbeerJuice 0.707363;
KoellnMuesliKnusperHonigNuss,AlbiHimbeerJuice,0,27,7,2.36029e-05,0.711746,1,KoellnMuesliKnusperHonigNuss 0.667341; AlbiHimbeerJuice 0.658558;
AlbiHimbeerJuice,AlbiHimbeerJuice,1,26,8,2.47027e-05,0.71507,1,AlbiHimbeerJuice 0.688606; KoellnMuesliKnusperHonigNuss 0.657034;
AlbiHimbeerJuice,AlbiHimbeerJuice,1,23,9,2.60848e-05,0.714219,1,AlbiHimbeerJuice 0.725040;
AlbiHimbeerJuice,AlbiHimbeerJuice,1,22,6,2.11289e-05,0.717495,1,AlbiHimbeerJuice 0.691753; KoellnMuesliKnusperHonigNuss 0.655502;
AlbiHimbeerJuice,AlbiHimbeerJuice,1,19,9,2.46851e-05,0.692089,0,AlbiHimbeerJuice 0.696873;
AlbiHimbeerJuice,AlbiHimbeerJuice,1,30,9,2.4154e-05,0.714274,1,AlbiHimbeerJuice 0.688343; KoellnMuesliKnusperHonigNuss 0.647846;
AlbiHimbeerJuice,AlbiHimbeerJuice,1,21,4,5.15595e-05,0.721105,0,AlbiHimbeerJuice 0.733398;
AlbiHimbeerJuice,AlbiHimbeerJuice,1,25,8,2.51017e-05,0.720779,1,AlbiHimbeerJuice 0.681409; KoellnMuesliKnusperHonigNuss 0.650422;
AlbiHimbeerJuice,AlbiHimbeerJuice,1,21,10,2.40505e-05,0.719122,1,AlbiHimbeerJuice 0.677382; KoellnMuesliKnusperHonigNuss 0.660756;
AlbiHimbeerJuice,AlbiHimbeerJuice,1,23,8,2.25343e-05,0.72871,1,AlbiHimbeerJuice 0.687524; KoellnMuesliKnusperHonigNuss 0.660283;
AlbiHimbeerJuice,AlbiHimbeerJuice,1,27,9,2.4878e-05,0.713445,1,AlbiHimbeerJuice 0.711185;
KoellnMuesliKnusperHonigNuss,AlbiHimbeerJuice,0,26,7,2.27624e-05,0.710688,1,KoellnMuesliKnusperHonigNuss 0.666089; AlbiHimbeerJuice 0.637023;
AlbiHimbeerJuice,AlbiHimbeerJuice,1,18,13,2.31956e-05,0.710133,0,AlbiHimbeerJuice 0.723646;
AlbiHimbeerJuice,AlbiHimbeerJuice,1,27,10,2.21678e-05,0.708577,1,AlbiHimbeerJuice 0.703508; KoellnMuesliKnusperHonigNuss 0.668823;
AlbiHimbeerJuice,AlbiHimbeerJuice,1,24,10,2.34008e-05,0.723411,1,AlbiHimbeerJuice 0.712285;
AlbiHimbeerJuice,AlbiHimbeerJuice,1,25,6,2.40466e-05,0.714162,1,AlbiHimbeerJuice 0.682737;
AlbiHimbeerJuice,AlbiHimbeerJuice,1,24,10,2.01862e-05,0.718989,1,AlbiHimbeerJuice 0.688179; KoellnMuesliKnusperHonigNuss 0.658372;
AlbiHimbeerJuice,AlbiHimbeerJuice,1,23,7,2.4467e-05,0.720917,1,AlbiHimbeerJuice 0.699146;
AlbiHimbeerJuice,AlbiHimbeerJuice,1,24,10,2.55191e-05,0.71755,1,AlbiHimbeerJuice 0.689036;
KoellnMuesliKnusperHonigNuss,AlbiHimbeerJuice,0,18,7,2.41424e-05,0.734149,0,KoellnMuesliKnusperHonigNuss 0.657690; AlbiHimbeerJuice 0.657202;
AlbiHimbeerJuice,AlbiHimbeerJuice,1,22,10,2.46211e-05,0.717116,1,AlbiHimbeerJuice 0.671346; KoellnMuesliKnusperHonigNuss 0.638829;
AlbiHimbeerJuice,AlbiHimbeerJuice,1,19,16,3.67405e-05,0.733162,0,AlbiHimbeerJuice 0.733010;
AlbiHimbeerJuice,AlbiHimbeerJuice,1,23,9,2.51876e-05,0.701165,1,AlbiHimbeerJuice 0.684417; KoellnMuesliKnusperHonigNuss 0.641226;
AlbiHimbeerJuice,AlbiHimbeerJuice,1,27,9,2.47473e-05,0.714959,1,AlbiHimbeerJuice 0.680903; KoellnMuesliKnusperHonigNuss 0.659369;
AlbiHimbeerJuice,AlbiHimbeerJuice,1,20,14,2.39055e-05,0.728273,1,AlbiHimbeerJuice 0.679039; KoellnMuesliKnusperHonigNuss 0.641363;
AlbiHimbeerJuice,AlbiHimbeerJuice,1,22,12,2.54069e-05,0.723113,1,AlbiHimbeerJuice 0.688217;
KoellnMuesliKnusperHonigNuss,KoellnMuesliKnusperHonigNuss,1,58,5,9.12651e-06,0.754906,1,KoellnMuesliKnusperHonigNuss 0.693559;
KoellnMuesliKnusperHonigNuss,KoellnMuesliKnusperHonigNuss,1,61,8,7.09227e-06,0.758977,1,KoellnMuesliKnusperHonigNuss 0.700065;
KoellnMuesliKnusperHonigNuss,KoellnMuesliKnusperHonigNuss,1,69,8,8.62809e-06,0.75856,1,KoellnMuesliKnusperHonigNuss 0.666749;
KoellnMuesliKnusperHonigNuss,KoellnMuesliKnusperHonigNuss,1,57,8,8.29286e-06,0.753223,1,KoellnMuesliKnusperHonigNuss 0.686743;
KoellnMuesliKnusperHonigNuss,KoellnMuesliKnusperHonigNuss,1,65,7,7.47807e-06,0.75279,1,KoellnMuesliKnusperHonigNuss 0.689230;
KoellnMuesliKnusperHonigNuss,KoellnMuesliKnusperHonigNuss,1,64,7,8.7348e-06,0.754125,1,KoellnMuesliKnusperHonigNuss 0.688077;
KoellnMuesliKnusperHonigNuss,KoellnMuesliKnusperHonigNuss,1,61,7,8.05743e-06,0.756718,1,KoellnMuesliKnusperHonigNuss 0.697457;
KoellnMuesliKnusperHonigNuss,KoellnMuesliKnusperHonigNuss,1,67,7,7.68363e-06,0.754184,1,KoellnMuesliKnusperHonigNuss 0.680830;
KoellnMuesliKnusperHonigNuss,KoellnMuesliKnusperHonigNuss,1,54,6,7.8181e-06,0.756627,1,KoellnMuesliKnusperHonigNuss 0.686948;
KoellnMuesliKnusperHonigNuss,KoellnMuesliKnusperHonigNuss,1,65,6,7.25946e-06,0.752335,1,KoellnMuesliKnusperHonigNuss 0.698696;
KoellnMuesliKnusperHonigNuss,KoellnMuesliKnusperHonigNuss,1,74,7,8.14293e-06,0.754463,1,KoellnMuesliKnusperHonigNuss 0.694535;
KoellnMuesliKnusperHonigNuss,KoellnMuesliKnusperHonigNuss,1,65,9,7.23838e-06,0.753029,1,KoellnMuesliKnusperHonigNuss 0.698550;
KoellnMuesliKnusperHonigNuss,KoellnMuesliKnusperHonigNuss,1,64,7,7.98936e-06,0.754023,1,KoellnMuesliKnusperHonigNuss 0.670796;
KoellnMuesliKnusperHonigNuss,KoellnMuesliKnusperHonigNuss,1,66,8,6.76129e-06,0.750356,1,KoellnMuesliKnusperHonigNuss 0.692808;
KoellnMuesliKnusperHonigNuss,KoellnMuesliKnusperHonigNuss,1,65,10,8.16495e-06,0.753342,1,KoellnMuesliKnusperHonigNuss 0.670902;
KoellnMuesliKnusperHonigNuss,KoellnMuesliKnusperHonigNuss,1,67,7,7.37524e-06,0.748356,1,KoellnMuesliKnusperHonigNuss 0.705440;
KoellnMuesliKnusperHonigNuss,KoellnMuesliKnusperHonigNuss,1,60,8,7.53196e-06,0.756668,1,KoellnMuesliKnusperHonigNuss 0.666969;
KoellnMuesliKnusperHonigNuss,KoellnMuesliKnusperHonigNuss,1,65,12,8.11754e-06,0.755079,1,KoellnMuesliKnusperHonigNuss 0.687506;
KoellnMuesliKnusperHonigNuss,KoellnMuesliKnusperHonigNuss,1,8,5,6.77485e-06,0.806822,0,KoellnMuesliKnusperHonigNuss 0.690321;
KoellnMuesliKnusperHonigNuss,KoellnMuesliKnusperHonigNuss,1,65,5,9.64903e-06,0.759562,1,KoellnMuesliKnusperHonigNuss 0.669025;
KoellnMuesliKnusperHonigNuss,KoellnMuesliKnusperHonigNuss,1,61,7,9.02859e-06,0.76227,1,KoellnMuesliKnusperHonigNuss 0.674811;
KoellnMuesliKnusperHonigNuss,KoellnMuesliKnusperHonigNuss,1,57,8,8.14305e-06,0.761606,1,KoellnMuesliKnusperHonigNuss 0.690746;
KoellnMuesliKnusperHonigNuss,KoellnMuesliKnusperHonigNuss,1,54,4,8.36194e-06,0.755172,1,KoellnMuesliKnusperHonigNuss 0.696357;
KoellnMuesliKnusperHonigNuss,KoellnMuesliKnusperHonigNuss,1,54,7,9.04482e-06,0.7527,1,KoellnMuesliKnusperHonigNuss 0.674235;
KoellnMuesliKnusperHonigNuss,KoellnMuesliKnusperHonigNuss,1,9,5,9.40177e-06,0.807444,0,KoellnMuesliKnusperHonigNuss 0.686493;
KoellnMuesliKnusperHonigNuss,KoellnMuesliKnusperHonigNuss,1,68,7,7.17237e-06,0.754593,1,KoellnMuesliKnusperHonigNuss 0.690540;
KoellnMuesliKnusperHonigNuss,KoellnMuesliKnusperHonigNuss,1,53,7,7.69023e-06,0.75675,1,KoellnMuesliKnusperHonigNuss 0.680943;
KoellnMuesliKnusperHonigNuss,KoellnMuesliKnusperHonigNuss,1,62,7,8.45218e-06,0.756977,1,KoellnMuesliKnusperHonigNuss 0.685899;
KoellnMuesliKnusperHonigNuss,KoellnMuesliKnusperHonigNuss,1,60,5,9.46597e-06,0.757165,1,KoellnMuesliKnusperHonigNuss 0.696246;
KoellnMuesliKnusperHonigNuss,KoellnMuesliKnusperHonigNuss,1,57,6,8.73145e-06,0.750762,1,KoellnMuesliKnusperHonigNuss 0.673940;
KoellnMuesliKnusperHonigNuss,KoellnMuesliKnusperHonigNuss,1,53,7,8.08511e-06,0.751592,1,KoellnMuesliKnusperHonigNuss 0.676618;
KoellnMuesliKnusperHonigNuss,KoellnMuesliKnusperHonigNuss,1,61,4,9.26759e-06,0.752372,1,KoellnMuesliKnusperHonigNuss 0.690401;
KoellnMuesliKnusperHonigNuss,KoellnMuesliKnusperHonigNuss,1,54,5,8.1644e-06,0.755277,1,KoellnMuesliKnusperHonigNuss 0.695290;
KoellnMuesliKnusperHonigNuss,KoellnMuesliKnusperHonigNuss,1,64,6,8.27252e-06,0.75633,1,KoellnMuesliKnusperHonigNuss 0.698580;
KoellnMuesliKnusperHonigNuss,KoellnMuesliKnusperHonigNuss,1,61,4,1.02139e-05,0.758351,1,KoellnMuesliKnusperHonigNuss 0.686158;
KoellnMuesliKnusperHonigNuss,KoellnMuesliKnusperHonigNuss,1,60,4,8.84459e-06,0.762055,0,KoellnMuesliKnusperHonigNuss 0.694978;
KoellnMuesliKnusperHonigNuss,KoellnMuesliKnusperHonigNuss,1,71,4,8.69765e-06,0.759,1,KoellnMuesliKnusperHonigNuss 0.691261;
KoellnMuesliKnusperHonigNuss,KoellnMuesliKnusperHonigNuss,1,57,6,7.54145e-06,0.75523,1,KoellnMuesliKnusperHonigNuss 0.709310;
KoellnMuesliKnusperHonigNuss,KoellnMuesliKnusperHonigNuss,1,62,9,8.72691e-06,0.75449,1,KoellnMuesliKnusperHonigNuss 0.689661;
KoellnMuesliKnusperHonigNuss,KoellnMuesliKnusperHonigNuss,1,56,8,6.06392e-06,0.761051,1,KoellnMuesliKnusperHonigNuss 0.715772;
KoellnMuesliKnusperHonigNuss,KoellnMuesliKnusperHonigNuss,1,67,9,7.63995e-06,0.759866,1,KoellnMuesliKnusperHonigNuss 0.671736;
KoellnMuesliKnusperHonigNuss,KoellnMuesliKnusperHonigNuss,1,68,9,8.04224e-06,0.754852,1,KoellnMuesliKnusperHonigNuss 0.677339;
KoellnMuesliKnusperHonigNuss,KoellnMuesliKnusperHonigNuss,1,69,6,8.54479e-06,0.756461,1,KoellnMuesliKnusperHonigNuss 0.682233;
KoellnMuesliKnusperHonigNuss,KoellnMuesliKnusperHonigNuss,1,63,10,8.61484e-06,0.755275,1,KoellnMuesliKnusperHonigNuss 0.696586;
KoellnMuesliKnusperHonigNuss,KoellnMuesliKnusperHonigNuss,1,57,9,9.12389e-06,0.758545,1,KoellnMuesliKnusperHonigNuss 0.674526;
KoellnMuesliKnusperHonigNuss,KoellnMuesliKnusperHonigNuss,1,69,8,7.98283e-06,0.756738,1,KoellnMuesliKnusperHonigNuss 0.692810;
KoellnMuesliKnusperHonigNuss,KoellnMuesliKnusperHonigNuss,1,67,9,7.08961e-06,0.761447,1,KoellnMuesliKnusperHonigNuss 0.687968;
KoellnMuesliKnusperHonigNuss,KoellnMuesliKnusperHonigNuss,1,67,8,5.97686e-06,0.752539,1,KoellnMuesliKnusperHonigNuss 0.689845;
KoellnMuesliKnusperHonigNuss,KoellnMuesliKnusperHonigNuss,1,61,7,8.26999e-06,0.761832,1,KoellnMuesliKnusperHonigNuss 0.688492;
KoellnMuesliKnusperHonigNuss,KoellnMuesliKnusperHonigNuss,1,70,9,7.42558e-06,0.753294,1,KoellnMuesliKnusperHonigNuss 0.678577;
KoellnMuesliKnusperHonigNuss,KoellnMuesliKnusperHonigNuss,1,59,8,1.00355e-05,0.756904,1,KoellnMuesliKnusperHonigNuss 0.673446;
KoellnMuesliKnusperHonigNuss,KoellnMuesliKnusperHonigNuss,1,8,5,6.93428e-06,0.805196,0,KoellnMuesliKnusperHonigNuss 0.688952;
KoellnMuesliKnusperHonigNuss,KoellnMuesliKnusperHonigNuss,1,58,10,9.94751e-06,0.753581,1,KoellnMuesliKnusperHonigNuss 0.668017;
KoellnMuesliKnusperHonigNuss,KoellnMuesliKnusperHonigNuss,1,68,6,9.72917e-06,0.758837,1,KoellnMuesliKnusperHonigNuss 0.697206;
KoellnMuesliKnusperHonigNuss,KoellnMuesliKnusperHonigNuss,1,63,9,8.2283e-06,0.754533,1,KoellnMuesliKnusperHonigNuss 0.689617;
KoellnMuesliKnusperHonigNuss,KoellnMuesliKnusperHonigNuss,1,54,7,9.53378e-06,0.756229,1,KoellnMuesliKnusperHonigNuss 0.680523;
KoellnMuesliKnusperHonigNuss,KoellnMuesliKnusperHonigNuss,1,69,7,5.13172e-06,0.752178,1,KoellnMuesliKnusperHonigNuss 0.716425;
KoellnMuesliKnusperHonigNuss,KoellnMuesliKnusperHonigNuss,1,67,7,8.21563e-06,0.758987,1,KoellnMuesliKnusperHonigNuss 0.695635;
KoellnMuesliKnusperHonigNuss,KoellnMuesliKnusperHonigNuss,1,75,7,6.43893e-06,0.751547,1,KoellnMuesliKnusperHonigNuss 0.721157;
KoellnMuesliKnusperHonigNuss,KoellnMuesliKnusperHonigNuss,1,65,4,8.15983e-06,0.754497,1,KoellnMuesliKnusperHonigNuss 0.688651;
KoellnMuesliKnusperHonigNuss,KoellnMuesliKnusperHonigNuss,1,53,4,8.6853e-06,0.754184,1,KoellnMuesliKnusperHonigNuss 0.702913;
KoellnMuesliKnusperHonigNuss,KoellnMuesliKnusperHonigNuss,1,66,7,9.41991e-06,0.763811,1,KoellnMuesliKnusperHonigNuss 0.695151;
KoellnMuesliKnusperHonigNuss,KoellnMuesliKnusperHonigNuss,1,55,8,8.48688e-06,0.755778,1,KoellnMuesliKnusperHonigNuss 0.692674;
KoellnMuesliKnusperHonigNuss,KoellnMuesliKnusperHonigNuss,1,69,9,7.58255e-06,0.752648,1,KoellnMuesliKnusperHonigNuss 0.667833;
KoellnMuesliKnusperHonigNuss,KoellnMuesliKnusperHonigNuss,1,61,6,6.35067e-06,0.75627,1,KoellnMuesliKnusperHonigNuss 0.694882;
KoellnMuesliKnusperHonigNuss,KoellnMuesliKnusperHonigNuss,1,61,9,1.0755e-05,0.761035,1,KoellnMuesliKnusperHonigNuss 0.684751;
KoellnMuesliKnusperHonigNuss,KoellnMuesliKnusperHonigNuss,1,56,7,9.54048e-06,0.753643,1,KoellnMuesliKnusperHonigNuss 0.672056;
KoellnMuesliKnusperHonigNuss,KoellnMuesliKnusperHonigNuss,1,66,7,6.64362e-06,0.753414,1,KoellnMuesliKnusperHonigNuss 0.718218;
KoellnMuesliKnusperHonigNuss,KoellnMuesliKnusperHonigNuss,1,67,9,7.95937e-06,0.747602,1,KoellnMuesliKnusperHonigNuss 0.692443;
KoellnMuesliKnusperHonigNuss,KoellnMuesliKnusperHonigNuss,1,72,10,8.74967e-06,0.75817,1,KoellnMuesliKnusperHonigNuss 0.688546;
KoellnMuesliKnusperHonigNuss,KoellnMuesliKnusperHonigNuss,1,11,4,8.842e-06,0.807564,0,KoellnMuesliKnusperHonigNuss 0.680777;
KoellnMuesliKnusperHonigNuss,KoellnMuesliKnusperHonigNuss,1,68,7,8.89585e-06,0.754918,1,KoellnMuesliKnusperHonigNuss 0.680710;
KoellnMuesliKnusperHonigNuss,KoellnMuesliKnusperHonigNuss,1,65,5,9.25482e-06,0.757168,1,KoellnMuesliKnusperHonigNuss 0.696869;
KoellnMuesliKnusperHonigNuss,KoellnMuesliKnusperHonigNuss,1,67,9,8.34241e-06,0.761441,1,KoellnMuesliKnusperHonigNuss 0.697948;
KoellnMuesliKnusperHonigNuss,KoellnMuesliKnusperHonigNuss,1,60,9,9.48956e-06,0.758468,1,KoellnMuesliKnusperHonigNuss 0.688375;
KoellnMuesliKnusperHonigNuss,KoellnMuesliKnusperHonigNuss,1,47,8,9.04468e-06,0.755524,1,KoellnMuesliKnusperHonigNuss 0.678029;
KoellnMuesliKnusperHonigNuss,KoellnMuesliKnusperHonigNuss,1,8,5,9.17203e-06,0.802539,0,KoellnMuesliKnusperHonigNuss 0.693824;
KoellnMuesliKnusperHonigNuss,KoellnMuesliKnusperHonigNuss,1,72,9,8.12067e-06,0.753135,1,KoellnMuesliKnusperHonigNuss 0.672857;
KoellnMuesliKnusperHonigNuss,KoellnMuesliKnusperHonigNuss,1,65,4,8.87722e-06,0.756905,1,KoellnMuesliKnusperHonigNuss 0.730186;
KoellnMuesliKnusperHonigNuss,KoellnMuesliKnusperHonigNuss,1,61,6,8.09609e-06,0.754736,1,KoellnMuesliKnusperHonigNuss 0.703367;
KoellnMuesliKnusperHonigNuss,KoellnMuesliKnusperHonigNuss,1,61,7,9.24372e-06,0.755087,1,KoellnMuesliKnusperHonigNuss 0.689041;
KoellnMuesliKnusperHonigNuss,KoellnMuesliKnusperHonigNuss,1,64,7,8.30207e-06,0.753931,1,KoellnMuesliKnusperHonigNuss 0.692972;
KoellnMuesliKnusperHonigNuss,KoellnMuesliKnusperHonigNuss,1,65,8,8.06948e-06,0.758172,1,KoellnMuesliKnusperHonigNuss 0.699887;
KoellnMuesliKnusperHonigNuss,KoellnMuesliKnusperHonigNuss,1,65,9,1.04298e-05,0,1,KoellnMuesliKnusperHonigNuss 0.705506;
KoellnMuesliKnusperHonigNuss,KoellnMuesliKnusperHonigNuss,1,59,7,8.56073e-06,0.756196,1,KoellnMuesliKnusperHonigNuss 0.685258;
KoellnMuesliKnusperHonigNuss,KoellnMuesliKnusperHonigNuss,1,62,4,7.58685e-06,0.754728,1,KoellnMuesliKnusperHonigNuss 0.694028;
KoellnMuesliKnusperHonigNuss,KoellnMuesliKnusperHonigNuss,1,58,6,8.10559e-06,0.752971,1,KoellnMuesliKnusperHonigNuss 0.687761;
KoellnMuesliKnusperHonigNuss,KoellnMuesliKnusperHonigNuss,1,59,6,8.21237e-06,0.754242,1,KoellnMuesliKnusperHonigNuss 0.685671;
KoellnMuesliKnusperHonigNuss,KoellnMuesliKnusperHonigNuss,1,63,8,7.89836e-06,0.762606,1,KoellnMuesliKnusperHonigNuss 0.705963;
KoellnMuesliKnusperHonigNuss,KoellnMuesliKnusperHonigNuss,1,64,6,7.80991e-06,0.754302,1,KoellnMuesliKnusperHonigNuss 0.697203;
KoellnMuesliKnusperHonigNuss,KoellnMuesliKnusperHonigNuss,1,63,5,8.90757e-06,0.750455,1,KoellnMuesliKnusperHonigNuss 0.685237;
KoellnMuesliKnusperHonigNuss,KoellnMuesliKnusperHonigNuss,1,10,3,1.61349e-05,0.796571,0,KoellnMuesliKnusperHonigNuss 0.690198;
KoellnMuesliKnusperHonigNuss,KoellnMuesliKnusperHonigNuss,1,13,3,2.12803e-05,0.796442,0,KoellnMuesliKnusperHonigNuss 0.687291;
KoellnMuesliKnusperHonigNuss,KoellnMuesliKnusperHonigNuss,1,15,3,2.05176e-05,0.799231,0,KoellnMuesliKnusperHonigNuss 0.671541;
KoellnMuesliKnusperHonigNuss,KoellnMuesliKnusperHonigNuss,1,14,2,2.06552e-05,0.799784,0,KoellnMuesliKnusperHonigNuss 0.693236;
KoellnMuesliKnusperHonigNuss,KoellnMuesliKnusperHonigNuss,1,10,2,2.21558e-05,0.798406,0,KoellnMuesliKnusperHonigNuss 0.671028;
KoellnMuesliKnusperHonigNuss,KoellnMuesliKnusperHonigNuss,1,15,3,1.86189e-05,0.798791,0,KoellnMuesliKnusperHonigNuss 0.693471;
KoellnMuesliKnusperHonigNuss,KoellnMuesliKnusperHonigNuss,1,11,5,2.89429e-05,0.796264,0,KoellnMuesliKnusperHonigNuss 0.669763;
KoellnMuesliKnusperHonigNuss,KoellnMuesliKnusperHonigNuss,1,11,3,2.65363e-05,0.799629,0,KoellnMuesliKnusperHonigNuss 0.671122;
KoellnMuesliKnusperHonigNuss,KoellnMuesliKnusperHonigNuss,1,9,2,1.45716e-05,0.795011,0,KoellnMuesliKnusperHonigNuss 0.668125;
KoellnMuesliKnusperHonigNuss,KoellnMuesliKnusperHonigNuss,1,12,3,2.29413e-05,0.803372,0,KoellnMuesliKnusperHonigNuss 0.694997;
KoellnMuesliKnusperHonigNuss,KoellnMuesliKnusperHonigNuss,1,11,3,2.32354e-05,0.802052,0,KoellnMuesliKnusperHonigNuss 0.701100;
KoellnMuesliKnusperHonigNuss,KoellnMuesliKnusperHonigNuss,1,9,3,1.66765e-05,0.796395,0,KoellnMuesliKnusperHonigNuss 0.694730;
KoellnMuesliKnusperHonigNuss,KoellnMuesliKnusperHonigNuss,1,9,5,1.90168e-05,0.804755,0,KoellnMuesliKnusperHonigNuss 0.689773;
KoellnMuesliKnusperHonigNuss,KoellnMuesliKnusperHonigNuss,1,10,5,2.38434e-05,0.803868,0,KoellnMuesliKnusperHonigNuss 0.682847;
KoellnMuesliKnusperHonigNuss,KoellnMuesliKnusperHonigNuss,1,11,4,2.45707e-05,0.792132,0,KoellnMuesliKnusperHonigNuss 0.679872;
KoellnMuesliKnusperHonigNuss,KoellnMuesliKnusperHonigNuss,1,13,4,1.88763e-05,0.794909,0,KoellnMuesliKnusperHonigNuss 0.670345;
KoellnMuesliKnusperHonigNuss,KoellnMuesliKnusperHonigNuss,1,70,4,2.16876e-05,0.75018,0,KoellnMuesliKnusperHonigNuss 0.669709;
KoellnMuesliKnusperHonigNuss,KoellnMuesliKnusperHonigNuss,1,71,5,2.17621e-05,0.754884,0,KoellnMuesliKnusperHonigNuss 0.654639;
KoellnMuesliKnusperHonigNuss,KoellnMuesliKnusperHonigNuss,1,70,4,2.59596e-05,0.759583,0,KoellnMuesliKnusperHonigNuss 0.660779;
KoellnMuesliKnusperHonigNuss,KoellnMuesliKnusperHonigNuss,1,74,7,2.37087e-05,0.761395,0,KoellnMuesliKnusperHonigNuss 0.664689;
KoellnMuesliKnusperHonigNuss,KoellnMuesliKnusperHonigNuss,1,63,3,2.2256e-05,0.756885,0,KoellnMuesliKnusperHonigNuss 0.662093;
KoellnMuesliKnusperHonigNuss,KoellnMuesliKnusperHonigNuss,1,59,5,2.46912e-05,0.752112,0,KoellnMuesliKnusperHonigNuss 0.671198;